-- phpMyAdmin SQL Dump
-- version 4.8.3
-- https://www.phpmyadmin.net/
--
-- Host: localhost:3306
-- Tempo de geração: 30/04/2020 às 15:07
-- Versão do servidor: 5.6.41-84.1
-- Versão do PHP: 7.2.7

SET SQL_MODE = "NO_AUTO_VALUE_ON_ZERO";
SET AUTOCOMMIT = 0;
START TRANSACTION;
SET time_zone = "+00:00";


/*!40101 SET @OLD_CHARACTER_SET_CLIENT=@@CHARACTER_SET_CLIENT */;
/*!40101 SET @OLD_CHARACTER_SET_RESULTS=@@CHARACTER_SET_RESULTS */;
/*!40101 SET @OLD_COLLATION_CONNECTION=@@COLLATION_CONNECTION */;
/*!40101 SET NAMES utf8mb4 */;

--
-- Banco de dados: `emanoe27_pegacr1`
--

-- --------------------------------------------------------

--
-- Estrutura para tabela `ACESSO`
--

CREATE TABLE `ACESSO` (
  `idTurma` varchar(10) COLLATE utf8_unicode_ci NOT NULL DEFAULT '',
  `dataAcesso` date NOT NULL DEFAULT '0000-00-00'
) ENGINE=MyISAM DEFAULT CHARSET=utf8 COLLATE=utf8_unicode_ci;

--
-- Fazendo dump de dados para tabela `ACESSO`
--

INSERT INTO `ACESSO` (`idTurma`, `dataAcesso`) VALUES
('203382', '2020-04-30'),
('203390', '2020-04-30');

-- --------------------------------------------------------

--
-- Estrutura para tabela `ALUNO`
--

CREATE TABLE `ALUNO` (
  `nome` varchar(100) COLLATE utf8_unicode_ci NOT NULL,
  `matricula` varchar(10) COLLATE utf8_unicode_ci NOT NULL DEFAULT '',
  `curso` varchar(100) COLLATE utf8_unicode_ci NOT NULL
) ENGINE=MyISAM DEFAULT CHARSET=utf8 COLLATE=utf8_unicode_ci;

--
-- Fazendo dump de dados para tabela `ALUNO`
--

INSERT INTO `ALUNO` (`nome`, `matricula`, `curso`) VALUES
('PEDRO\r\nPAULO\r\nPAIVA\r\nSILVA', '2018039161', 'DIREITO'),
('MARCOS\r\nVINICIUS\r\nSANTOS\r\nMONROE', '2018039116', 'DIREITO'),
('NAYANNE\r\nSERRA\r\nGUILHON', '2018039152', 'DIREITO'),
('ALEXSANDRO\r\nAUGUSTO\r\nCARVALHO\r\nDE\r\nOLIVEIRA', '2018038979', 'DIREITO'),
('CLARISSE\r\nMORAES\r\nPINTO', '2018039009', 'DIREITO'),
('MARINA\r\nVIANA\r\nMENDES', '2018056091', 'DIREITO'),
('JULIANA\r\nELLEN\r\nBARROS\r\nCOSTA', '2018039072', 'DIREITO'),
('WANESSA\r\nCRISTINA\r\nLINDOSO\r\nCOSTA', '2018069705', 'DIREITO'),
('LUIZ\r\nEDUARDO\r\nSILVA\r\nALEXANDRE\r\nCHAVES', '2018068299', 'DIREITO'),
('YANNA\r\nGUIMARAES\r\nSOUZA\r\nSILVA', '2018002733', 'DIREITO'),
('AYNOAN\r\nLIMA\r\nDE\r\nOLIVEIRA', '2018069071', 'DIREITO'),
('ANNE\r\nGABRIELLE\r\nDO\r\nCARMO\r\nMAIA', '2018038988', 'DIREITO'),
('JOAO\r\nCARLOS\r\nDE\r\nOLIVEIRA\r\nDIAS', '2018002715', 'DIREITO'),
('MARIA\r\nBEATRIZ\r\nLOPES\r\nDE\r\nOLIVEIRA\r\nVAZ', '2018039125', 'DIREITO'),
('CAMILA\r\nCORREIA\r\nCRUZ', '2018069607', 'DIREITO'),
('MARIA\r\nEDUARDA\r\nCHAVES\r\nSABOIA', '2018039134', 'DIREITO'),
('JOANA\r\nD\r\nARC\r\nMAGALHAES\r\nRIBEIRO', '2018039054', 'DIREITO'),
('JULIANA\r\nESTER\r\nMARTINS\r\nGOMES', '2018039081', 'DIREITO'),
('SERGIO\r\nROBERTO\r\nDE\r\nPINHO\r\nLEITE', '2018069699', 'DIREITO'),
('BRENO\r\nVERISSIMO\r\nALMEIDA\r\nVALE', '2018038997', 'DIREITO'),
('DAVI\r\nCHAVES\r\nDE\r\nOLIVEIRA\r\nMACEDO\r\nCOSTA', '2018069625', 'DIREITO'),
('RAINERIO\r\nALMEIDA\r\nMEDEIROS\r\nJUNIOR', '2018069680', 'DIREITO'),
('ELIAKIM\r\nVASCONCELOS\r\nATAIDE', '2018069634', 'DIREITO'),
('ELEN\r\nCARLA\r\nBARROS\r\nLIMA', '2018058873', 'DIREITO'),
('HELIO\r\nHENRIQUE\r\nNEVES\r\nARAUJO', '2018052000', 'DIREITO'),
('PAULO\r\nCLEDSON\r\nBARROSO\r\nRAMOS', '2018049696', 'DIREITO'),
('JULIANA\r\nGOMES\r\nDE\r\nPAIVA', '2018069661', 'DIREITO'),
('MAYKON\r\nTHIAGO\r\nPEREIRA\r\nROCHA', '2018049678', 'DIREITO'),
('AMANDA\r\nAZEVEDO\r\nOLIVEIRA', '2018049622', 'DIREITO'),
('GABRIEL\r\nSANTANA\r\nPESTANA', '2018039036', 'DIREITO'),
('RAFAEL\r\nDELLON\r\nMARQUES\r\nCASTRO', '2018049702', 'DIREITO'),
('IAGO\r\nMATHEUS\r\nMENDES\r\nCARVALHO', '2018069652', 'DIREITO'),
('OTAVIO\r\nJOSE\r\nDA\r\nSILVA\r\nGOMES', '2018049687', 'DIREITO'),
('VANDA\r\nFERREIRA\r\nCHAVES', '2018027376', 'DIREITO'),
('ARIADNA\r\nSANTOS\r\nLIMA', '2018056037', 'DIREITO'),
('DAVID\r\nNUNES\r\nSALES', '2018068216', 'DIREITO'),
('LIA\r\nSERRAO\r\nGONCALVES', '2018012776', 'DIREITO'),
('ANA\r\nCARLA\r\nALVES\r\nMATOS', '2016043890', 'DIREITO'),
('CARLOS\r\nEDUARDO\r\nGUILHON\r\nCOSTA', '2015005606', 'DIREITO'),
('MATTHEUS\r\nMONTEIRO\r\nCOSTA\r\nSILVA', '2018068314', 'DIREITO'),
('ERICA\r\nDA\r\nCUNHA\r\nCOSTA', '2016031020', 'DIREITO'),
('ALEXANDRA\r\nROCHA\r\nDOS\r\nSANTOS', '2018038727', 'DIREITO'),
('KAIRON\r\nBRITO\r\nDOS\r\nSANTOS', '2018055970', 'DIREITO'),
('MARINA\r\nSILVA\r\nINDIO\r\nMARANHENSE\r\nBOUERES', '2018038870', 'DIREITO'),
('PEDRO\r\nPAULO\r\nCAMPOS\r\nCOELHO', '2018038923', 'DIREITO'),
('PAULO\r\nRENNER\r\nROCHA\r\nFERRO', '2016047119', 'DIREITO'),
('DILCIANE\r\nSANTOS\r\nSILVA', '2018008272', 'DIREITO'),
('INAWY\r\nCARNEIRO\r\nPOMPEU', '2012024626', 'DIREITO'),
('EMANUEL\r\nLINDOSO\r\nFERREIRA', '2019038409', 'CIENCIA\r\nDA\r\nCOMPUTACAO'),
('ALEXSANDRE\r\nEMANUEL\r\nGUIMARAES\r\nSEREJO', '2019038392', 'CIENCIA\r\nDA\r\nCOMPUTACAO'),
('DANIEL\r\nMOREIRA\r\nPINTO', '2019020950', 'CIENCIA\r\nDA\r\nCOMPUTACAO'),
('MARCOS\r\nGUILHERME\r\nTORRES\r\nSODRE', '2019050539', 'CIENCIA\r\nDA\r\nCOMPUTACAO'),
('CHRISTYELLEN\r\nDE\r\nSOUZA\r\nCOSTA\r\nLIMA', '2016049098', 'CIENCIA\r\nDA\r\nCOMPUTACAO'),
('PEDRO\r\nVINNICIUS\r\nBERNHARD', '2019038580', 'CIENCIA\r\nDA\r\nCOMPUTACAO'),
('BRENNO\r\nIZAIAS\r\nCARDOSO\r\nNASCIMENTO', '2019003673', 'CIENCIA\r\nDA\r\nCOMPUTACAO'),
('MATEUS\r\nABREU\r\nVASCONCELOS', '2019003806', 'CIENCIA\r\nDA\r\nCOMPUTACAO'),
('PEDRO\r\nAUGUSTO\r\nARAUJO\r\nDA\r\nSILVA\r\nDE\r\nALMEIDA\r\nNAVA\r\nALVES', '2017001473', 'CIENCIA\r\nDA\r\nCOMPUTACAO'),
('PAULO\r\nRICARDO\r\nANDRADE\r\nGOMES', '2016008139', 'CIENCIA\r\nDA\r\nCOMPUTACAO'),
('MATEUS\r\nCOSTA\r\nNERES', '2019050548', 'CIENCIA\r\nDA\r\nCOMPUTACAO'),
('WALDERNEY\r\nOLIVEIRA\r\nAZEVEDO', '2019038614', 'CIENCIA\r\nDA\r\nCOMPUTACAO'),
('PEDRO\r\nVICTOR\r\nDE\r\nABREU\r\nFONSECA', '2019038570', 'CIENCIA\r\nDA\r\nCOMPUTACAO'),
('DAYVSON\r\nWILKSON\r\nFREITAS\r\nALMEIDA', '2016008101', 'CIENCIA\r\nDA\r\nCOMPUTACAO'),
('ARTHUR\r\nGUILHERME\r\nSANTOS\r\nFERNANDES', '2017001375', 'CIENCIA\r\nDA\r\nCOMPUTACAO'),
('LUIS\r\nFELIPE\r\nROCHA\r\nPEREIRA', '2019038490', 'CIENCIA\r\nDA\r\nCOMPUTACAO'),
('JOAO\r\nVITOR\r\nFERREIRA\r\nFRANCA', '2017001428', 'CIENCIA\r\nDA\r\nCOMPUTACAO'),
('THIAGO\r\nWALLASS\r\nNASCIMENTO\r\nMENDES', '2017006326', 'CIENCIA\r\nDA\r\nCOMPUTACAO'),
('JOAO\r\nMARCELLO\r\nMENDES\r\nMOREIRA', '2017008438', 'CIENCIA\r\nDA\r\nCOMPUTACAO'),
('VIVIANE\r\nRODRIGUES\r\nMESQUITA', '2019038605', 'CIENCIA\r\nDA\r\nCOMPUTACAO'),
('PAULO\r\nGABRIEL\r\nBORRALHO\r\nGOMES', '2018006812', 'CIENCIA\r\nDA\r\nCOMPUTACAO'),
('DAYANNE\r\nCRISTINA\r\nPEREIRA\r\nGOMES', '2017008410', 'CIENCIA\r\nDA\r\nCOMPUTACAO'),
('FERNANDO\r\nHENRIQUE\r\nFERNANDES\r\nLEITE', '2017043642', 'CIENCIA\r\nDA\r\nCOMPUTACAO'),
('LUCAS\r\nVINICIUS\r\nLIMA\r\nABREU', '2019056793', 'CIENCIA\r\nDA\r\nCOMPUTACAO'),
('GABRIEL\r\nPHELIPE\r\nCOSTA\r\nFREITAS', '2016036483', 'CIENCIA\r\nDA\r\nCOMPUTACAO'),
('GABRIELA\r\nDOS\r\nSANTOS\r\nLAMAR', '2019038427', 'CIENCIA\r\nDA\r\nCOMPUTACAO'),
('MAYRLA\r\nSANTOS\r\nJANSEN', '2018001478', 'CIENCIA\r\nDA\r\nCOMPUTACAO'),
('CARLOS\r\nVINICIOS\r\nMARTINS\r\nROCHA', '2017043590', 'CIENCIA\r\nDA\r\nCOMPUTACAO'),
('LAIS\r\nSILVA\r\nCOSTA', '2019050520', 'CIENCIA\r\nDA\r\nCOMPUTACAO'),
('CARLOS\r\nMENDES\r\nDOS\r\nSANTOS\r\nNETO', '2019046975', 'CIENCIA\r\nDA\r\nCOMPUTACAO'),
('MAIKON\r\nKESLLEY\r\nCOSTA', '2019038525', 'CIENCIA\r\nDA\r\nCOMPUTACAO'),
('ITALO\r\nTIAGO\r\nGOMES\r\nSOUZA', '2017061257', 'CIENCIA\r\nDA\r\nCOMPUTACAO'),
('ARTHUR\r\nMARINHO\r\nDOS\r\nPASSOS', '2019013938', 'CIENCIA\r\nDA\r\nCOMPUTACAO'),
('VICTOR\r\nEPIFANIO\r\nSANTOS\r\nPAIVA', '2016048359', 'CIENCIA\r\nDA\r\nCOMPUTACAO'),
('CICERO\r\nJOE\r\nRAFAEL\r\nLIMA\r\nDE\r\nOLIVEIRA', '2018011590', 'CIENCIA\r\nDA\r\nCOMPUTACAO'),
('ESTEPHANE\r\nMENDES\r\nNASCIMENTO', '2019003691', 'CIENCIA\r\nDA\r\nCOMPUTACAO'),
('YANDSON\r\nDE\r\nJESUS\r\nSARAIVA\r\nCOSTA', '2016054033', 'CIENCIA\r\nDA\r\nCOMPUTACAO'),
('ERYCK\r\nSOARES\r\nNUNES', '2017055830', 'CIENCIA\r\nDA\r\nCOMPUTACAO'),
('FELIPE\r\nVASCONCELOS\r\nANDRES', '2019038418', 'CIENCIA\r\nDA\r\nCOMPUTACAO'),
('JOSE\r\nEDUARDO\r\nDE\r\nSOUZA\r\nOLIVEIRA', '2016054015', 'CIENCIA\r\nDA\r\nCOMPUTACAO'),
('CARLOS\r\nEDUARDO\r\nFERREIRA\r\nPIMENTA', '2019056739', 'CIENCIA\r\nDA\r\nCOMPUTACAO'),
('CAIO\r\nMANFREDINI\r\nDA\r\nSILVA\r\nMARTINS', '2016036447', 'CIENCIA\r\nDA\r\nCOMPUTACAO'),
('MATEUS\r\nBARROS\r\nPINHEIRO', '2016008120', 'CIENCIA\r\nDA\r\nCOMPUTACAO'),
('EDNARA\r\nAPARECIDA\r\nDOS\r\nSANTOS\r\nPEREIRA', '2016027804', 'CIENCIA\r\nDA\r\nCOMPUTACAO'),
('MATEUS\r\nSANTANA\r\nGUTEMBERG', '2019056800', 'CIENCIA\r\nDA\r\nCOMPUTACAO'),
('LEONARDO\r\nAUGUSTO\r\nDOS\r\nSANTOS\r\nLINDOSO', '2017014678', 'CIENCIA\r\nDA\r\nCOMPUTACAO'),
('ALISON\r\nCORREA\r\nMENDES', '2019018086', 'CIENCIA\r\nDA\r\nCOMPUTACAO'),
('DANIEL\r\nCAVALCANTE\r\nDE\r\nOLIVEIRA', '2019046984', 'CIENCIA\r\nDA\r\nCOMPUTACAO'),
('JOSE\r\nVINICIUS\r\nREIS\r\nDE\r\nALMEIDA', '2016015240', 'CIENCIA\r\nDA\r\nCOMPUTACAO'),
('ANDRE\r\nGABRIEL\r\nCOSTA\r\nGOMES', '2019056720', 'CIENCIA\r\nDA\r\nCOMPUTACAO'),
('VICTOR\r\nROGERIO\r\nSOUSA\r\nFERREIRA', '2016015358', 'CIENCIA\r\nDA\r\nCOMPUTACAO'),
('EUGENIO\r\nFURTADO\r\nFERREIRA', '2014039842', 'CIENCIA\r\nDA\r\nCOMPUTACAO'),
('KARLA\r\nFELICIA\r\nCARVALHO\r\nDA\r\nSILVA', '2018054892', 'CIENCIA\r\nDA\r\nCOMPUTACAO'),
('CLAUDIO\r\nLOPES\r\nBORE\r\nJUNIOR', '2019050495', 'CIENCIA\r\nDA\r\nCOMPUTACAO'),
('SAUL\r\nMILU\r\nDA\r\nSILVA\r\nVARAO', '2015016163', 'CIENCIA\r\nDA\r\nCOMPUTACAO'),
('JESSICA\r\nCOSTA\r\nMENDES', '2017006308', 'CIENCIA\r\nDA\r\nCOMPUTACAO'),
('HIAGO\r\nANTONIO\r\nCOSTA\r\nSILVA', '2017043660', 'CIENCIA\r\nDA\r\nCOMPUTACAO'),
('CAIO\r\nCESAR\r\nRODRIGUES\r\nDINIZ', '2018035977', 'CIENCIA\r\nDA\r\nCOMPUTACAO'),
('WESLEY\r\nARAUJO\r\nCOSTA\r\nLUZ', '2017001482', 'CIENCIA\r\nDA\r\nCOMPUTACAO'),
('GIOVANNI\r\nRICARDO\r\nFRANCO\r\nPINHEIRO', '2019038454', 'CIENCIA\r\nDA\r\nCOMPUTACAO'),
('ALERANDRO\r\nLOURENCO\r\nDA\r\nSILVA', '2019056710', 'CIENCIA\r\nDA\r\nCOMPUTACAO'),
('JESSE\r\nGABRIEL\r\nPONTES\r\nMENDES', '2015011363', 'CIENCIA\r\nDA\r\nCOMPUTACAO'),
('MARIO\r\nPINTO\r\nFREITAS\r\nFILHO', '2019038534', 'CIENCIA\r\nDA\r\nCOMPUTACAO'),
('CLEOMILSON\r\nVELOZO\r\nCOELHO\r\nMORAES', '2016008095', 'CIENCIA\r\nDA\r\nCOMPUTACAO'),
('RODOLFO\r\nSOBREIRA\r\nALVES', '2015002023', 'CIENCIA\r\nDA\r\nCOMPUTACAO'),
('DANIEL\r\nSANTOS\r\nMONTEIRO', '2019056748', 'CIENCIA\r\nDA\r\nCOMPUTACAO'),
('GUILHERME\r\nDE\r\nCARVALHO\r\nSILVA', '2019003744', 'CIENCIA\r\nDA\r\nCOMPUTACAO'),
('WENDSON\r\nMENEZES\r\nDIAS', '2019050566', 'CIENCIA\r\nDA\r\nCOMPUTACAO'),
('EVANILDO\r\nFELIPE\r\nCOSTA\r\nMACEDO', '2019056766', 'CIENCIA\r\nDA\r\nCOMPUTACAO'),
('ANTONIO\r\nTHADEU\r\nTEIXEIRA\r\nCOELHO\r\nSILVA', '2019013929', 'CIENCIA\r\nDA\r\nCOMPUTACAO'),
('JOAO\r\nMARIA\r\nBRASIL\r\nPINHEIRO\r\nFILHO', '2019003771', 'CIENCIA\r\nDA\r\nCOMPUTACAO'),
('ERIK\r\nEDUARD\r\nMATOS\r\nPIRES', '2015013902', 'CIENCIA\r\nDA\r\nCOMPUTACAO'),
('GINALDO\r\nOLIVEIRA\r\nMORAES', '2019018148', 'CIENCIA\r\nDA\r\nCOMPUTACAO'),
('DOUGLAS\r\nAUGUSTO\r\nDE\r\nBRITO\r\nE\r\nSILVA', '2019050501', 'CIENCIA\r\nDA\r\nCOMPUTACAO'),
('LUKAS\r\nHENRIQUE\r\nBRAGA\r\nDIAS', '2018025587', 'CIENCIA\r\nDA\r\nCOMPUTACAO'),
('MYLADY\r\nDOS\r\nSANTOS\r\nAMARAL', '2017011729', 'CIENCIA\r\nDA\r\nCOMPUTACAO'),
('MARCUS\r\nVINICIUS\r\nSILVA\r\nLIMA\r\nDE\r\nOLIVEIRA', '2019003790', 'CIENCIA\r\nDA\r\nCOMPUTACAO'),
('THALISSON\r\nJON\r\nCUTRIM\r\nSILVA', '2019003851', 'CIENCIA\r\nDA\r\nCOMPUTACAO'),
('WELTON\r\nMARINHO\r\nDE\r\nSOUZA', '2015021673', 'CIENCIA\r\nDA\r\nCOMPUTACAO'),
('ARTHUR\r\nAZEVEDO\r\nDA\r\nSILVA', '2015021600', 'CIENCIA\r\nDA\r\nCOMPUTACAO'),
('VINICIUS\r\nCOSTA\r\nCASTRO', '2018015849', 'CIENCIA\r\nDA\r\nCOMPUTACAO'),
('PEDRO\r\nJOSE\r\nMORAES\r\nBERREDO', '2019038543', 'CIENCIA\r\nDA\r\nCOMPUTACAO'),
('ICARO\r\nLUIS\r\nMENDES\r\nRIBEIRO\r\nMOURA', '2015042870', 'CIENCIA\r\nDA\r\nCOMPUTACAO'),
('ELISOMAR\r\nRODRIGO\r\nPINHEIRO\r\nABREU', '2017008429', 'CIENCIA\r\nDA\r\nCOMPUTACAO'),
('MARCIO\r\nPEREIRA\r\nFERREIRA', '2018048536', 'CIENCIA\r\nDA\r\nCOMPUTACAO'),
('RICARDO\r\nRODRIGUES\r\nROCHA', '2016054024', 'CIENCIA\r\nDA\r\nCOMPUTACAO'),
('LUCAS\r\nCUNHA\r\nDE\r\nCARVALHO', '2017043722', 'CIENCIA\r\nDA\r\nCOMPUTACAO'),
('HANNA\r\nDE\r\nFATIMA\r\nROCHA\r\nNUNES', '2016057812', 'CIENCIA\r\nDA\r\nCOMPUTACAO'),
('CAIO\r\nJOSEPH\r\nALVES\r\nSILVEIRA', '2018044671', 'CIENCIA\r\nDA\r\nCOMPUTACAO'),
('RYCHARDSON\r\nRIAN\r\nGOMES\r\nDO\r\nNASCIMENTO', '2019060384', 'CIENCIA\r\nDA\r\nCOMPUTACAO'),
('ANDRE\r\nMENDES\r\nDE\r\nMATOS\r\nPRIVADO', '2016008086', 'CIENCIA\r\nDA\r\nCOMPUTACAO'),
('BENEILTON\r\nMARTINS\r\nLEITE', '2018017389', 'CIENCIA\r\nDA\r\nCOMPUTACAO'),
('ALAN\r\nMARQUES\r\nBEZERRA', '2018026341', 'CIENCIA\r\nDA\r\nCOMPUTACAO'),
('EMANOEL\r\nLUCAS\r\nMORAES\r\nDA\r\nLUZ', '2019056757', 'CIENCIA\r\nDA\r\nCOMPUTACAO'),
('CLAUDIO\r\nHENRIQUE\r\nSILVA\r\nSOUSA', '2015062649', 'CIENCIA\r\nDA\r\nCOMPUTACAO'),
('PEDRO\r\nICARO\r\nLIMA\r\nGONCALVES', '2018036114', 'CIENCIA\r\nDA\r\nCOMPUTACAO'),
('JOAO\r\nVICTOR\r\nBEZERRA\r\nDOS\r\nREIS', '2019003780', 'CIENCIA\r\nDA\r\nCOMPUTACAO'),
('DANIEL\r\nPINHEIRO\r\nSOUZA', '2017043606', 'CIENCIA\r\nDA\r\nCOMPUTACAO'),
('REYNARON\r\nHENRIQUE\r\nDE\r\nOLIVEIRA', '2017064491', 'CIENCIA\r\nDA\r\nCOMPUTACAO'),
('ALISSON\r\nBISPO\r\nDOS\r\nSANTOS', '2017043580', 'CIENCIA\r\nDA\r\nCOMPUTACAO'),
('JEAN\r\nCARLOS\r\nPENHA\r\nDOS\r\nSANTOS', '2019053497', 'CIENCIA\r\nDA\r\nCOMPUTACAO'),
('JEAN\r\nCARLOS\r\nRODRIGUES\r\nDA\r\nCUNHA', '2019056784', 'CIENCIA\r\nDA\r\nCOMPUTACAO'),
('ANDRE\r\nLUIZ\r\nBECKMAN\r\nPEREIRA\r\nGOMES', '2017001357', 'CIENCIA\r\nDA\r\nCOMPUTACAO'),
('ESTELA\r\nROSA\r\nMENDES', '2016036465', 'CIENCIA\r\nDA\r\nCOMPUTACAO'),
('PEDRO\r\nPAULO\r\nALBUQUERQUE\r\nRODRIGUES', '2019038561', 'CIENCIA\r\nDA\r\nCOMPUTACAO'),
('DEYSSON\r\nGUSTAVO\r\nBRITO\r\nMUNIZ', '2018054856', 'CIENCIA\r\nDA\r\nCOMPUTACAO'),
('JOANICE\r\nDA\r\nSILVA\r\nOLIVEIRA', '2017043689', 'CIENCIA\r\nDA\r\nCOMPUTACAO'),
('PAULO\r\nVICTOR\r\nBRITO\r\nDOS\r\nSANTOS', '2017043787', 'CIENCIA\r\nDA\r\nCOMPUTACAO'),
('THALLYSON\r\nDE\r\nARAUJO\r\nSOUZA', '2018036150', 'CIENCIA\r\nDA\r\nCOMPUTACAO'),
('VICTOR\r\nHUGO\r\nDUARTE\r\nSILVA', '2019013992', 'CIENCIA\r\nDA\r\nCOMPUTACAO');

-- --------------------------------------------------------

--
-- Estrutura para tabela `COEFICIENTE`
--

CREATE TABLE `COEFICIENTE` (
  `pagina` varchar(10) COLLATE utf8_unicode_ci DEFAULT NULL,
  `coeficiente` float NOT NULL DEFAULT '0',
  `matricula` varchar(10) COLLATE utf8_unicode_ci DEFAULT NULL,
  `dataInsercao` date NOT NULL DEFAULT '0000-00-00'
) ENGINE=MyISAM DEFAULT CHARSET=utf8 COLLATE=utf8_unicode_ci;

--
-- Fazendo dump de dados para tabela `COEFICIENTE`
--

INSERT INTO `COEFICIENTE` (`pagina`, `coeficiente`, `matricula`, `dataInsercao`) VALUES
('203390', 9.2703, '2018039161', '2020-04-30'),
('203390', 9.0576, '2018039116', '2020-04-30'),
('203390', 9.0242, '2018039152', '2020-04-30'),
('203390', 8.9485, '2018038979', '2020-04-30'),
('203390', 8.927, '2018039009', '2020-04-30'),
('203390', 8.9091, '2018056091', '2020-04-30'),
('203390', 8.9061, '2018039072', '2020-04-30'),
('203390', 8.903, '2018068299', '2020-04-30'),
('203390', 8.8727, '2018002733', '2020-04-30'),
('203390', 8.797, '2018069071', '2020-04-30'),
('203390', 8.8385, '2018038988', '2020-04-30'),
('203390', 8.7714, '2018002715', '2020-04-30'),
('203390', 8.7606, '2018039125', '2020-04-30'),
('203390', 8.759, '2018069607', '2020-04-30'),
('203390', 8.7121, '2018039134', '2020-04-30'),
('203390', 8.6636, '2018039054', '2020-04-30'),
('203390', 8.5818, '2018039081', '2020-04-30'),
('203390', 8.4487, '2018069699', '2020-04-30'),
('203390', 8.4438, '2018038997', '2020-04-30'),
('203390', 8.4187, '2018069625', '2020-04-30'),
('203390', 8.3655, '2018069680', '2020-04-30'),
('203390', 8.325, '2018069634', '2020-04-30'),
('203390', 8.28, '2018058873', '2020-04-30'),
('203390', 8.2697, '2018052000', '2020-04-30'),
('203390', 8.24, '2018049696', '2020-04-30'),
('203390', 8.2091, '2018069661', '2020-04-30'),
('203390', 8.1333, '2018049678', '2020-04-30'),
('203390', 8.1242, '2018049622', '2020-04-30'),
('203390', 8.0714, '2018039036', '2020-04-30'),
('203390', 8.0636, '2018049702', '2020-04-30'),
('203390', 8.0061, '2018069652', '2020-04-30'),
('203390', 7.8548, '2018049687', '2020-04-30'),
('203390', 7.8371, '2018027376', '2020-04-30'),
('203390', 7.4853, '2018056037', '2020-04-30'),
('203390', 7.3667, '2018068216', '2020-04-30'),
('203390', 7.9909, '2018012776', '2020-04-30'),
('203390', 7.9288, '2016043890', '2020-04-30'),
('203390', 5.2489, '2015005606', '2020-04-30'),
('203390', 8.1229, '2018068314', '2020-04-30'),
('203390', 8.8968, '2016031020', '2020-04-30'),
('203390', 8.8516, '2018038727', '2020-04-30'),
('203390', 8.5032, '2018055970', '2020-04-30'),
('203390', 8.4061, '2018038870', '2020-04-30'),
('203390', 8.3606, '2018038923', '2020-04-30'),
('203390', 8.4783, '2016047119', '2020-04-30'),
('203390', 7.4023, '2018008272', '2020-04-30'),
('203390', 4.3794, '2012024626', '2020-04-30'),
('203382', 9.7143, '2019038409', '2020-04-30'),
('203382', 9.6048, '2019038392', '2020-04-30'),
('203382', 9.2826, '2019020950', '2020-04-30'),
('203382', 9.1524, '2019050539', '2020-04-30'),
('203382', 9.1415, '2016049098', '2020-04-30'),
('203382', 9.0524, '2019038580', '2020-04-30'),
('203382', 9.0214, '2019003673', '2020-04-30'),
('203382', 8.9381, '2019003806', '2020-04-30'),
('203382', 8.7254, '2017001473', '2020-04-30'),
('203382', 8.6982, '2016008139', '2020-04-30'),
('203382', 8.6143, '2019050548', '2020-04-30'),
('203382', 8.5857, '2019038614', '2020-04-30'),
('203382', 8.5286, '2019038570', '2020-04-30'),
('203382', 8.5178, '2016008101', '2020-04-30'),
('203382', 8.5128, '2017001375', '2020-04-30'),
('203382', 8.4238, '2019038490', '2020-04-30'),
('203382', 8.3703, '2017001428', '2020-04-30'),
('203382', 8.3506, '2017006326', '2020-04-30'),
('203382', 8.3008, '2017008438', '2020-04-30'),
('203382', 8.2238, '2019038605', '2020-04-30'),
('203382', 8.1686, '2018006812', '2020-04-30'),
('203382', 8.1433, '2017008410', '2020-04-30'),
('203382', 8.1245, '2017043642', '2020-04-30'),
('203382', 8.0905, '2019056793', '2020-04-30'),
('203382', 8.0829, '2016036483', '2020-04-30'),
('203382', 8.0619, '2019038427', '2020-04-30'),
('203382', 8.0289, '2018001478', '2020-04-30'),
('203382', 8.0186, '2017043590', '2020-04-30'),
('203382', 7.9095, '2019050520', '2020-04-30'),
('203382', 7.881, '2019046975', '2020-04-30'),
('203382', 7.8429, '2019038525', '2020-04-30'),
('203382', 7.783, '2017061257', '2020-04-30'),
('203382', 7.7822, '2019013938', '2020-04-30'),
('203382', 7.7102, '2016048359', '2020-04-30'),
('203382', 7.6979, '2018011590', '2020-04-30'),
('203382', 7.6952, '2019003691', '2020-04-30'),
('203382', 7.6819, '2016054033', '2020-04-30'),
('203382', 7.6448, '2017055830', '2020-04-30'),
('203382', 7.6238, '2019038418', '2020-04-30'),
('203382', 7.5942, '2016054015', '2020-04-30'),
('203382', 7.5429, '2019056739', '2020-04-30'),
('203382', 7.525, '2016036447', '2020-04-30'),
('203382', 7.483, '2016008120', '2020-04-30'),
('203382', 7.478, '2016027804', '2020-04-30'),
('203382', 7.4571, '2019056800', '2020-04-30'),
('203382', 7.4047, '2017014678', '2020-04-30'),
('203382', 7.3619, '2019018086', '2020-04-30'),
('203382', 7.3259, '2019046984', '2020-04-30'),
('203382', 7.2832, '2016015240', '2020-04-30'),
('203382', 7.1857, '2019056720', '2020-04-30'),
('203382', 7.1722, '2016015358', '2020-04-30'),
('203382', 7.1037, '2014039842', '2020-04-30'),
('203382', 7.071, '2018054892', '2020-04-30'),
('203382', 7.0667, '2019050495', '2020-04-30'),
('203382', 7.0409, '2015016163', '2020-04-30'),
('203382', 6.9971, '2017006308', '2020-04-30'),
('203382', 6.9058, '2017043660', '2020-04-30'),
('203382', 6.8633, '2018035977', '2020-04-30'),
('203382', 6.8481, '2017001482', '2020-04-30'),
('203382', 6.7952, '2019038454', '2020-04-30'),
('203382', 6.7905, '2019056710', '2020-04-30'),
('203382', 6.7863, '2015011363', '2020-04-30'),
('203382', 6.7235, '2019038534', '2020-04-30'),
('203382', 6.6804, '2016008095', '2020-04-30'),
('203382', 6.6403, '2015002023', '2020-04-30'),
('203382', 6.6143, '2019056748', '2020-04-30'),
('203382', 6.5762, '2019003744', '2020-04-30'),
('203382', 6.5429, '2019056766', '2020-04-30'),
('203382', 6.5333, '2019013929', '2020-04-30'),
('203382', 6.5, '2019003771', '2020-04-30'),
('203382', 6.3787, '2015013902', '2020-04-30'),
('203382', 6.337, '2019018148', '2020-04-30'),
('203382', 6.2571, '2019050501', '2020-04-30'),
('203382', 6.2377, '2018025587', '2020-04-30'),
('203382', 6.2, '2017011729', '2020-04-30'),
('203382', 6.1881, '2019003790', '2020-04-30'),
('203382', 6.1067, '2019003851', '2020-04-30'),
('203382', 6.0576, '2015021673', '2020-04-30'),
('203382', 6.0352, '2015021600', '2020-04-30'),
('203382', 5.9857, '2018015849', '2020-04-30'),
('203382', 5.9762, '2019038543', '2020-04-30'),
('203382', 5.9662, '2015042870', '2020-04-30'),
('203382', 5.9356, '2017008429', '2020-04-30'),
('203382', 5.9259, '2018048536', '2020-04-30'),
('203382', 5.8762, '2016054024', '2020-04-30'),
('203382', 5.869, '2017043722', '2020-04-30'),
('203382', 5.7594, '2016057812', '2020-04-30'),
('203382', 5.7233, '2018044671', '2020-04-30'),
('203382', 5.6524, '2019060384', '2020-04-30'),
('203382', 5.5779, '2016008086', '2020-04-30'),
('203382', 5.4862, '2018017389', '2020-04-30'),
('203382', 5.4408, '2018026341', '2020-04-30'),
('203382', 5.219, '2019056757', '2020-04-30'),
('203382', 5.1048, '2015062649', '2020-04-30'),
('203382', 5.0508, '2018036114', '2020-04-30'),
('203382', 4.8487, '2019003780', '2020-04-30'),
('203382', 4.7057, '2017043606', '2020-04-30'),
('203382', 4.6571, '2017064491', '2020-04-30'),
('203382', 4.5946, '2017043580', '2020-04-30'),
('203382', 4.4941, '2019053497', '2020-04-30'),
('203382', 4.4545, '2019056784', '2020-04-30'),
('203382', 4.2305, '2017001357', '2020-04-30'),
('203382', 4.214, '2016036465', '2020-04-30'),
('203382', 4.1529, '2019038561', '2020-04-30'),
('203382', 4.1419, '2018054856', '2020-04-30'),
('203382', 4.0561, '2017043689', '2020-04-30'),
('203382', 3.8594, '2017043787', '2020-04-30'),
('203382', 3.766, '2018036150', '2020-04-30'),
('203382', 3.052, '2019013992', '2020-04-30');

--
-- Índices de tabelas apagadas
--

--
-- Índices de tabela `ACESSO`
--
ALTER TABLE `ACESSO`
  ADD PRIMARY KEY (`idTurma`,`dataAcesso`);

--
-- Índices de tabela `ALUNO`
--
ALTER TABLE `ALUNO`
  ADD PRIMARY KEY (`matricula`);

--
-- Índices de tabela `COEFICIENTE`
--
ALTER TABLE `COEFICIENTE`
  ADD PRIMARY KEY (`coeficiente`,`dataInsercao`),
  ADD KEY `fk_ALUNO` (`matricula`);
COMMIT;

/*!40101 SET CHARACTER_SET_CLIENT=@OLD_CHARACTER_SET_CLIENT */;
/*!40101 SET CHARACTER_SET_RESULTS=@OLD_CHARACTER_SET_RESULTS */;
/*!40101 SET COLLATION_CONNECTION=@OLD_COLLATION_CONNECTION */;
